<?xml version="1.0" encoding="utf-8"?>
<modification>
    <name>Custom board builder</name>
    <version>2.0.0</version>
    <code>ocpd-board-builder</code>
    <author>Alex Petrenko</author>
    <link>https://petrenkodesign.github.io/opencartmodule/</link>
    <file path="catalog/view/theme/*/template/mail/order.tpl">
        <operation>
            <search><![CDATA[<?php foreach ($product['option'] as $option) { ?>]]></search>
            <add position="after"><![CDATA[
              <?php if($option['type']=='file' && isset($option['href']) && $option['href']) $option['value'] = '<a href="'.$option['href'].'" target="_blank">'.$option['value'].'</a>'; ?>
            ]]></add>
        </operation>
    </file>
    <file path="catalog/model/tool/image.php">
        <operation>
            <search><![CDATA[public function resize($filename, $width, $height) {]]></search>
            <add position="after"><![CDATA[ $image_dir =  DIR_IMAGE;]]></add>
        </operation>
        <operation>
            <search><![CDATA[return;]]></search>
            <add position="replace"><![CDATA[
              if(!is_file(DIR_UPLOAD . $filename)) {
                return;
              }
              else  {
                $image_dir = DIR_UPLOAD;
                $image_new = 'cache/' . substr($filename, strrpos($filename,".")+1, strlen($filename)). '-'.(int)$width.'x'.(int)$height.'-'.substr($filename, 0, strrpos($filename,"."));
              }
            ]]></add>
        </operation>
        <operation>
            <search><![CDATA[$image_new = 'cache/']]></search>
            <add position="before"><![CDATA[if(!isset($image_new) || !$image_new) ]]></add>
        </operation>
    </file>
    <file path="catalog/model/tool/image.php">
        <operation>
            <search><![CDATA[(filectime(DIR_IMAGE]]></search>
            <add position="replace"><![CDATA[(filectime($image_dir]]></add>
        </operation>
        <operation>
            <search><![CDATA[getimagesize(DIR_IMAGE]]></search>
            <add position="replace"><![CDATA[getimagesize($image_dir]]></add>
        </operation>
        <operation>
            <search><![CDATA[return DIR_IMAGE]]></search>
            <add position="replace"><![CDATA[return $image_dir]]></add>
        </operation>
        <operation>
            <search><![CDATA[new Image(DIR_IMAGE]]></search>
            <add position="replace"><![CDATA[new Image($image_dir]]></add>
        </operation>
        <operation>
            <search><![CDATA[copy(DIR_IMAGE]]></search>
            <add position="replace"><![CDATA[copy($image_dir]]></add>
        </operation>
    </file>
    <file path="catalog/model/checkout/order.php">
        <operation>
            <search><![CDATA['name'  => $option['name'],]]></search>
            <add position="before"><![CDATA[
            'type'  => $option['type'],
            'href'  => $this->model_tool_image->resize($upload_info['filename'], 600, 400),
            ]]></add>
        </operation>
        <operation>
            <search><![CDATA[$data['products'] = array();]]></search>
            <add position="after"><![CDATA[$this->load->model('tool/image');]]></add>
        </operation>
    </file>
</modification>
